val_accuracy,val_hmean,val_sensitivity,val_specificity,test_accuracy,test_hmean,test_sensitivity,test_specificity,best_epoch
96.856,96.866,96.60600000000001,97.128,96.955,96.893,97.386,96.405,50
97.461,97.44699999999999,96.60600000000001,98.303,95.673,95.586,96.078,95.098,54
97.052,97.059,96.475,97.65,93.91000000000001,93.583,98.203,89.37899999999999,73
97.49799999999999,97.513,98.303,96.736,96.955,96.893,96.405,97.386,70
97.07000000000001,97.03500000000001,98.695,95.431,87.74,86.124,99.673,75.81700000000001,61
96.15899999999999,96.138,95.42500000000001,96.863,97.276,97.236,96.59100000000001,97.89,52
