val_accuracy,val_hmean,val_sensitivity,val_specificity,test_accuracy,test_hmean,test_sensitivity,test_specificity,best_epoch
93.857,93.863,90.78,97.163,93.304,93.301,92.857,93.75,20
96.18100000000001,96.098,96.454,95.745,92.411,92.391,91.071,93.75,62
92.735,92.902,93.61699999999999,92.199,89.286,89.205,91.964,86.607,28
91.693,91.81,90.071,93.61699999999999,93.304,93.131,97.321,89.286,15
93.32300000000001,93.25,94.326,92.199,91.964,91.956,91.071,92.857,8
91.31899999999999,91.40599999999999,92.857,90.0,92.96900000000001,93.485,91.379,95.69,48
