val_accuracy,val_hmean,val_sensitivity,val_specificity,test_accuracy,test_hmean,test_sensitivity,test_specificity,best_epoch
99.063,99.032,99.14,98.925,98.828,98.789,98.387,99.194,16
99.063,99.031,99.355,98.71,98.958,98.925,98.925,98.925,8
98.75,98.71,98.71,98.71,99.479,99.46199999999999,99.73100000000001,99.194,18
98.854,98.81400000000001,98.28,99.355,97.786,98.52,98.925,98.11800000000001,47
99.375,99.35300000000001,99.785,98.925,98.307,98.656,98.656,98.656,15
99.375,99.35300000000001,99.785,98.925,98.177,98.115,97.58099999999999,98.656,51
