val_accuracy,val_hmean,val_sensitivity,val_specificity,test_accuracy,test_hmean,test_sensitivity,test_specificity,best_epoch
98.558,98.477,98.477,98.477,97.813,97.745,99.363,96.178,31
95.14399999999999,95.429,95.939,94.92399999999999,96.875,96.799,95.541,98.089,10
95.433,95.177,95.431,94.92399999999999,95.625,95.473,98.089,92.994,20
97.356,97.154,99.492,94.92399999999999,97.813,97.77,97.452,98.089,24
96.587,96.952,97.462,96.447,97.74000000000001,97.745,99.363,96.178,21
98.317,98.207,99.492,96.954,95.292,95.199,98.113,92.453,35
