val_accuracy,val_hmean,val_sensitivity,val_specificity,test_accuracy,test_hmean,test_sensitivity,test_specificity,best_epoch
95.246,95.378,94.326,96.454,94.196,94.194,94.643,93.75,14
94.44399999999999,94.321,95.035,93.61699999999999,92.411,92.391,93.75,91.071,48
94.899,94.988,92.908,97.163,91.964,91.886,94.643,89.286,56
94.364,94.321,95.035,93.61699999999999,91.964,91.956,92.857,91.071,70
91.96,92.062,95.745,88.652,94.643,94.634,93.75,95.536,20
90.509,90.35600000000001,90.0,90.714,92.96900000000001,93.53200000000001,93.96600000000001,93.10300000000001,33
