val_accuracy,val_hmean,val_sensitivity,val_specificity,test_accuracy,test_hmean,test_sensitivity,test_specificity,best_epoch
97.758,97.743,99.104,96.418,97.672,97.75500000000001,98.507,97.015,44
97.619,97.604,96.71600000000001,98.507,97.794,97.75500000000001,97.015,98.507,44
98.363,98.356,98.80600000000001,97.91,98.836,98.875,99.627,98.134,61
97.907,97.907,98.507,97.313,99.449,99.437,100.0,98.881,72
97.748,97.759,98.209,97.313,96.814,96.785,98.881,94.77600000000001,49
98.8,98.798,99.701,97.91,97.61,97.57400000000001,97.761,97.38799999999999,31
