val_accuracy,val_hmean,val_sensitivity,val_specificity,test_accuracy,test_hmean,test_sensitivity,test_specificity,best_epoch
98.14,98.139,97.917,98.363,97.886,97.851,97.02,98.696,61
98.512,98.50999999999999,98.958,98.065,97.794,97.748,96.462,99.069,14
98.438,98.437,98.512,98.363,98.07000000000001,98.04,98.696,97.393,58
98.586,98.586,98.512,98.661,97.539,97.576,97.02,98.138,74
98.958,98.957,98.661,99.256,97.99799999999999,98.04,97.393,98.696,74
98.512,98.508,97.917,99.107,98.80499999999999,98.79299999999999,98.516,99.072,70
