val_accuracy,val_hmean,val_sensitivity,val_specificity,test_accuracy,test_hmean,test_sensitivity,test_specificity,best_epoch
97.431,97.53399999999999,97.18299999999999,97.887,97.301,97.2,96.47099999999999,97.941,57
98.727,98.709,98.592,98.82600000000001,97.727,97.625,96.17599999999999,99.118,52
97.56899999999999,97.53399999999999,97.18299999999999,97.887,98.438,98.382,98.235,98.529,26
98.426,98.457,97.18299999999999,99.765,98.295,98.232,97.64699999999999,98.824,33
96.875,96.819,95.775,97.887,97.443,97.345,96.47099999999999,98.235,42
96.438,96.461,95.529,97.41199999999999,97.727,97.82,97.674,97.965,63
