val_accuracy,val_hmean,val_sensitivity,val_specificity,test_accuracy,test_hmean,test_sensitivity,test_specificity,best_epoch
96.25,96.478,98.776,94.286,91.346,93.866,94.89800000000001,92.857,53
96.48400000000001,96.26400000000001,98.776,93.878,96.875,96.667,97.959,95.408,56
96.09400000000001,95.917,96.327,95.50999999999999,95.673,95.30999999999999,98.469,92.34700000000001,69
97.26599999999999,97.115,98.776,95.50999999999999,95.91300000000001,95.646,96.939,94.388,20
96.48400000000001,96.325,96.735,95.918,96.154,96.678,97.449,95.918,59
97.65599999999999,97.536,98.776,96.327,95.91300000000001,95.63000000000001,93.878,97.449,24
