val_accuracy,val_hmean,val_sensitivity,val_specificity,test_accuracy,test_hmean,test_sensitivity,test_specificity,best_epoch
95.38,95.365,94.82300000000001,95.91300000000001,93.092,92.833,92.833,92.833,42
93.714,93.726,94.55,92.916,96.053,95.894,94.881,96.928,64
95.371,95.367,95.095,95.64,95.395,95.178,93.174,97.27,71
93.986,94.002,93.46,94.55,94.539,94.707,95.222,94.19800000000001,56
94.139,94.137,93.46,94.82300000000001,94.50699999999999,95.014,93.174,96.928,52
96.187,96.185,95.91300000000001,96.458,93.42099999999999,93.22,93.22,93.22,33
