val_accuracy,val_hmean,val_sensitivity,val_specificity,test_accuracy,test_hmean,test_sensitivity,test_specificity,best_epoch
96.084,96.081,96.60600000000001,95.56099999999999,96.394,96.32300000000001,96.569,96.078,62
95.731,95.72500000000001,93.99499999999999,97.52,95.753,95.66799999999999,95.261,96.078,36
96.326,96.34,95.692,96.997,95.513,95.661,96.569,94.771,42
96.057,96.07900000000001,95.431,96.736,95.433,95.337,96.078,94.608,21
96.15899999999999,96.148,96.345,95.953,94.952,95.088,96.078,94.118,27
95.443,95.418,94.64099999999999,96.209,96.074,96.023,96.104,95.94200000000001,49
