val_accuracy,val_hmean,val_sensitivity,val_specificity,test_accuracy,test_hmean,test_sensitivity,test_specificity,best_epoch
98.098,98.02199999999999,97.74000000000001,98.30499999999999,98.333,98.396,99.291,97.518,27
98.641,98.584,99.153,98.02300000000001,97.56899999999999,97.516,97.163,97.872,16
98.098,98.015,98.87,97.175,98.785,98.751,97.872,99.645,61
98.098,98.02300000000001,98.02300000000001,98.02300000000001,97.014,97.158,96.454,97.872,71
98.913,98.87,98.87,98.87,97.222,97.163,97.163,97.163,54
98.37,98.3,98.3,98.3,97.024,97.02499999999999,97.552,96.503,22
