val_accuracy,val_hmean,val_sensitivity,val_specificity,test_accuracy,test_hmean,test_sensitivity,test_specificity,best_epoch
98.363,98.356,98.80600000000001,97.91,99.081,99.06700000000001,99.25399999999999,98.881,10
98.81,98.80499999999999,98.507,99.104,98.346,98.31800000000001,98.881,97.761,28
98.502,98.504,99.104,97.91,98.775,98.875,98.134,99.627,25
98.363,98.356,98.80600000000001,97.91,98.897,98.875,98.134,99.627,21
98.661,98.651,99.40299999999999,97.91,97.978,97.94500000000001,98.507,97.38799999999999,41
98.81,98.80600000000001,98.80600000000001,98.80600000000001,98.529,98.507,98.507,98.507,17
