val_accuracy,val_hmean,val_sensitivity,val_specificity,test_accuracy,test_hmean,test_sensitivity,test_specificity,best_epoch
98.568,98.509,98.374,98.64500000000001,97.86200000000001,97.789,97.619,97.959,48
98.828,98.78,98.916,98.64500000000001,99.01299999999999,98.98,98.98,98.98,62
98.828,98.78,98.916,98.64500000000001,98.52,98.467,97.959,98.98,67
98.958,98.916,98.916,98.916,98.355,98.295,97.619,98.98,62
99.479,99.458,99.458,99.458,98.246,98.467,97.959,98.98,51
99.04899999999999,99.04899999999999,99.185,98.913,98.52,98.483,97.651,99.32900000000001,49
