val_accuracy,val_hmean,val_sensitivity,val_specificity,test_accuracy,test_hmean,test_sensitivity,test_specificity,best_epoch
99.069,99.077,99.262,98.893,99.33,99.30499999999999,99.53699999999999,99.074,61
99.081,99.077,98.893,99.262,99.33,99.30499999999999,99.53699999999999,99.074,50
99.265,99.262,99.262,99.262,99.107,99.074,99.074,99.074,23
98.713,98.7,99.631,97.786,98.438,98.375,97.685,99.074,26
99.816,99.815,100.0,99.631,98.884,98.842,98.611,99.074,69
99.449,99.444,99.63,99.259,99.702,99.772,100.0,99.54499999999999,23
