val_accuracy,val_hmean,val_sensitivity,val_specificity,test_accuracy,test_hmean,test_sensitivity,test_specificity,best_epoch
96.875,96.429,93.10300000000001,100.0,97.917,97.82600000000001,97.82600000000001,97.82600000000001,10
98.438,98.276,98.276,98.276,97.917,97.77799999999999,95.652,100.0,29
98.438,98.276,98.276,98.276,98.81,98.901,97.82600000000001,100.0,10
100.0,100.0,100.0,100.0,98.81,98.901,100.0,97.82600000000001,15
95.625,95.682,96.552,94.828,93.601,93.428,95.652,91.304,19
94.844,94.796,93.10300000000001,96.552,93.452,93.27600000000001,89.13,97.82600000000001,25
