val_accuracy,val_hmean,val_sensitivity,val_specificity,test_accuracy,test_hmean,test_sensitivity,test_specificity,best_epoch
95.686,95.67999999999999,94.42399999999999,96.97,96.205,96.12,95.14399999999999,97.117,63
96.03399999999999,95.998,96.485,95.515,95.089,94.986,94.234,95.75099999999999,60
95.92699999999999,95.93599999999999,95.394,96.485,95.61,95.523,95.599,95.448,73
96.394,96.351,95.273,97.455,95.089,94.968,93.475,96.50999999999999,61
95.686,95.68799999999999,94.788,96.60600000000001,96.131,96.04899999999999,96.813,95.296,74
96.214,96.177,96.359,95.99499999999999,96.131,96.066,95.76400000000001,96.369,75
