val_accuracy,val_hmean,val_sensitivity,val_specificity,test_accuracy,test_hmean,test_sensitivity,test_specificity,best_epoch
95.109,95.045,92.916,97.275,90.29599999999999,89.75999999999999,93.857,86.007,42
91.975,91.962,92.098,91.826,93.388,93.45400000000001,91.12599999999999,95.904,62
94.411,94.39,95.91300000000001,92.916,93.257,92.996,93.857,92.15,75
93.03399999999999,92.97999999999999,90.46300000000001,95.64,93.914,93.678,92.833,94.539,69
92.101,92.091,91.281,92.916,92.105,91.797,90.78500000000001,92.833,71
93.99499999999999,94.002,93.46,94.55,92.998,93.201,91.864,94.57600000000001,40
