val_accuracy,val_hmean,val_sensitivity,val_specificity,test_accuracy,test_hmean,test_sensitivity,test_specificity,best_epoch
97.894,98.001,97.418,98.592,97.585,97.49799999999999,97.059,97.941,59
98.31,98.35199999999999,97.653,99.06099999999999,97.301,97.188,95.882,98.529,19
98.148,98.113,97.18299999999999,99.06099999999999,97.585,97.463,95.588,99.412,60
98.542,98.587,97.887,99.29599999999999,98.295,98.232,97.64699999999999,98.824,45
97.56899999999999,97.51100000000001,96.009,99.06099999999999,97.017,96.90100000000001,95.882,97.941,21
97.222,97.15599999999999,95.765,98.588,98.58,98.533,97.384,99.709,47
