val_accuracy,val_hmean,val_sensitivity,val_specificity,test_accuracy,test_hmean,test_sensitivity,test_specificity,best_epoch
98.234,98.15899999999999,97.458,98.87,97.882,98.03399999999999,99.291,96.809,54
99.04899999999999,99.009,99.435,98.588,98.438,98.40100000000001,98.936,97.872,33
98.913,98.869,99.153,98.588,98.507,98.58200000000001,98.58200000000001,98.58200000000001,14
97.962,97.88,97.458,98.30499999999999,97.708,97.871,97.518,98.227,33
99.321,99.29400000000001,99.435,99.153,97.56899999999999,97.516,97.872,97.163,13
98.641,98.583,98.3,98.867,97.024,97.02499999999999,97.552,96.503,63
