val_accuracy,val_hmean,val_sensitivity,val_specificity,test_accuracy,test_hmean,test_sensitivity,test_specificity,best_epoch
99.089,99.05000000000001,99.458,98.64500000000001,96.875,96.70100000000001,94.218,99.32,74
99.21900000000001,99.187,99.187,99.187,99.178,99.149,99.32,98.98,60
98.698,98.644,98.374,98.916,98.52,98.469,98.299,98.639,15
99.349,99.321,99.729,98.916,98.355,98.27,100.0,96.599,24
99.21900000000001,99.187,99.187,99.187,99.178,99.149,98.98,99.32,37
99.321,99.32,99.185,99.457,99.079,99.15899999999999,99.664,98.658,57
