val_accuracy,val_hmean,val_sensitivity,val_specificity,test_accuracy,test_hmean,test_sensitivity,test_specificity,best_epoch
95.553,95.514,95.879,95.152,94.42,94.258,92.109,96.50999999999999,64
95.039,95.077,93.939,96.242,95.015,94.903,93.77799999999999,96.055,75
