val_accuracy,val_hmean,val_sensitivity,val_specificity,test_accuracy,test_hmean,test_sensitivity,test_specificity,best_epoch
89.453,89.37,86.71900000000001,92.188,88.393,87.156,90.196,84.314,51
88.672,88.67,88.28099999999999,89.062,85.714,86.695,89.216,84.314,50
87.89099999999999,87.806,85.15599999999999,90.625,90.923,91.643,90.196,93.137,63
88.672,88.656,87.5,89.84400000000001,84.821,85.557,90.196,81.37299999999999,61
86.71900000000001,86.712,85.938,87.5,86.458,86.695,89.216,84.314,74
88.672,88.67,88.28099999999999,89.062,84.673,84.574,80.392,89.216,30
