val_accuracy,val_hmean,val_sensitivity,val_specificity,test_accuracy,test_hmean,test_sensitivity,test_specificity,best_epoch
98.077,97.97,97.97,97.97,98.125,98.085,98.726,97.452,31
97.356,97.207,97.462,96.954,97.981,98.073,96.815,99.363,72
95.192,94.921,95.431,94.416,95.312,95.137,98.089,92.357,74
97.83699999999999,97.715,97.97,97.462,97.188,97.124,96.178,98.089,43
96.587,96.944,95.939,97.97,95.79299999999999,95.85900000000001,96.178,95.541,26
97.115,96.954,96.954,96.954,96.25,96.226,96.226,96.226,23
