val_accuracy,val_hmean,val_sensitivity,val_specificity,test_accuracy,test_hmean,test_sensitivity,test_specificity,best_epoch
95.974,95.938,96.242,95.636,94.792,94.582,91.502,97.87599999999999,66
95.747,95.755,96.242,95.273,94.643,94.536,94.841,94.234,45
95.867,95.877,95.515,96.242,94.965,95.523,95.599,95.448,67
95.91300000000001,95.87599999999999,95.394,96.364,93.899,93.73700000000001,91.806,95.75099999999999,47
94.53099999999999,94.48299999999999,94.06099999999999,94.90899999999999,95.164,95.06099999999999,94.234,95.903,69
95.312,95.328,95.267,95.38799999999999,93.884,93.94200000000001,94.705,93.192,59
