val_accuracy,val_hmean,val_sensitivity,val_specificity,test_accuracy,test_hmean,test_sensitivity,test_specificity,best_epoch
96.875,98.78,98.916,98.64500000000001,97.368,97.27799999999999,97.619,96.939,47
98.828,98.776,99.458,98.103,97.86200000000001,97.786,97.27900000000001,98.299,54
98.568,98.509,98.64500000000001,98.374,95.285,95.371,93.537,97.27900000000001,13
98.958,98.91499999999999,99.187,98.64500000000001,97.86200000000001,97.782,98.639,96.939,71
99.089,99.051,98.916,99.187,97.86200000000001,97.782,96.939,98.639,27
99.04899999999999,99.04899999999999,99.185,98.913,97.763,97.80499999999999,98.993,96.64399999999999,49
