val_accuracy,val_hmean,val_sensitivity,val_specificity,test_accuracy,test_hmean,test_sensitivity,test_specificity,best_epoch
98.505,98.497,97.82,99.18299999999999,97.039,96.909,98.294,95.563,70
98.496,98.501,98.36500000000001,98.638,96.217,96.051,97.611,94.539,67
97.69,97.682,97.275,98.093,96.875,96.757,96.928,96.587,62
97.138,97.13000000000001,98.093,96.185,93.553,93.387,98.976,88.396,66
97.274,97.263,96.185,98.36500000000001,96.184,96.409,97.27,95.563,66
98.351,98.36500000000001,98.36500000000001,98.36500000000001,97.039,96.944,96.271,97.627,72
