val_accuracy,val_hmean,val_sensitivity,val_specificity,test_accuracy,test_hmean,test_sensitivity,test_specificity,best_epoch
98.678,98.673,99.09599999999999,98.253,97.892,97.871,96.461,99.322,59
98.888,98.885,99.036,98.735,98.795,98.795,98.72,98.87,72
98.888,98.885,98.976,98.795,98.155,98.153,98.64500000000001,97.666,64
98.618,98.614,98.855,98.373,98.004,98.005,97.967,98.042,62
