val_accuracy,val_hmean,val_sensitivity,val_specificity,test_accuracy,test_hmean,test_sensitivity,test_specificity,best_epoch
97.344,97.289,98.413,96.19,96.67999999999999,96.799,98.413,95.238,64
97.188,97.092,99.36500000000001,94.921,97.85199999999999,97.817,98.016,97.619,71
97.188,97.126,98.413,95.87299999999999,94.792,94.64,99.206,90.476,49
97.273,97.27,99.048,95.556,97.917,98.014,98.413,97.619,68
97.969,97.916,99.36500000000001,96.50800000000001,96.224,96.21,97.619,94.841,57
96.648,96.623,98.72999999999999,94.60300000000001,96.029,95.899,99.603,92.46,35
