val_accuracy,val_hmean,val_sensitivity,val_specificity,test_accuracy,test_hmean,test_sensitivity,test_specificity,best_epoch
92.61399999999999,92.16499999999999,91.566,92.771,90.972,89.84,84.848,95.455,75
94.88600000000001,94.574,95.18100000000001,93.976,88.542,89.579,93.939,85.60600000000001,51
95.455,95.146,93.37299999999999,96.988,92.708,92.006,93.939,90.152,33
93.46600000000001,93.071,93.37299999999999,92.771,94.44399999999999,93.93299999999999,94.697,93.182,30
92.99199999999999,92.99300000000001,95.783,90.361,90.625,91.857,96.212,87.87899999999999,14
90.227,90.893,92.121,89.697,93.403,93.002,91.912,94.118,13
