val_accuracy,val_hmean,val_sensitivity,val_specificity,test_accuracy,test_hmean,test_sensitivity,test_specificity,best_epoch
98.661,98.651,99.40299999999999,97.91,98.284,98.312,99.25399999999999,97.38799999999999,68
98.214,98.208,97.91,98.507,98.346,98.321,98.507,98.134,29
98.661,98.656,98.80600000000001,98.507,98.039,98.129,97.38799999999999,98.881,66
98.81,98.80499999999999,99.104,98.507,99.632,99.627,99.627,99.627,28
98.651,98.651,99.40299999999999,97.91,98.162,98.122,99.25399999999999,97.015,15
98.502,98.493,99.701,97.313,96.99799999999999,97.015,97.015,97.015,60
