val_accuracy,val_hmean,val_sensitivity,val_specificity,test_accuracy,test_hmean,test_sensitivity,test_specificity,best_epoch
98.586,98.586,98.512,98.661,98.438,98.41499999999999,97.952,98.883,63
98.884,98.884,98.958,98.81,98.80499999999999,98.789,98.883,98.696,44
98.884,98.883,98.661,99.107,98.55000000000001,98.603,98.883,98.324,74
98.884,98.883,99.107,98.661,98.529,98.50999999999999,98.50999999999999,98.50999999999999,31
98.958,98.957,99.256,98.661,97.467,97.578,97.207,97.952,67
98.586,98.585,98.214,98.958,99.081,99.072,98.887,99.258,75
