val_accuracy,val_hmean,val_sensitivity,val_specificity,test_accuracy,test_hmean,test_sensitivity,test_specificity,best_epoch
100.0,100.0,100.0,100.0,99.30600000000001,99.259,98.529,100.0,35
99.148,99.11,100.0,98.235,98.611,98.524,99.265,97.794,9
99.148,99.117,99.412,98.824,99.30600000000001,99.259,100.0,98.529,15
99.432,99.412,99.412,99.412,99.653,99.631,100.0,99.265,35
100.0,100.0,100.0,100.0,100.0,100.0,100.0,100.0,21
99.71600000000001,99.705,99.412,100.0,99.30600000000001,99.259,100.0,98.529,21
