val_accuracy,val_hmean,val_sensitivity,val_specificity,test_accuracy,test_hmean,test_sensitivity,test_specificity,best_epoch
97.07000000000001,96.918,98.367,95.50999999999999,98.798,98.717,98.462,98.97399999999999,65
98.047,97.959,97.959,97.959,98.077,97.946,97.436,98.462,32
99.21900000000001,99.177,100.0,98.367,96.154,95.895,95.38499999999999,96.41,57
98.59400000000001,98.979,99.18400000000001,98.776,98.317,98.188,99.48700000000001,96.923,5
98.828,98.776,98.776,98.776,98.077,97.925,99.48700000000001,96.41,74
98.24199999999999,98.152,98.77,97.541,97.06700000000001,97.42,99.492,95.431,21
