val_accuracy,val_hmean,val_sensitivity,val_specificity,test_accuracy,test_hmean,test_sensitivity,test_specificity,best_epoch
98.032,98.001,97.418,98.592,97.869,97.783,96.765,98.824,16
98.542,98.589,98.122,99.06099999999999,98.295,98.221,97.059,99.412,35
98.264,98.222,96.94800000000001,99.531,98.58,98.526,97.941,99.118,12
98.38,98.357,98.357,98.357,98.58,98.515,97.353,99.70599999999999,16
96.921,96.921,95.30499999999999,98.592,97.585,97.92699999999999,96.765,99.118,48
96.811,96.91300000000001,95.294,98.588,98.438,98.39099999999999,97.384,99.419,52
