val_accuracy,val_hmean,val_sensitivity,val_specificity,test_accuracy,test_hmean,test_sensitivity,test_specificity,best_epoch
99.436,99.446,99.631,99.262,99.554,99.535,100.0,99.074,8
99.62,99.63,99.262,100.0,99.33,99.30499999999999,99.53699999999999,99.074,16
99.449,99.446,99.262,99.631,99.107,99.074,99.074,99.074,9
99.449,99.446,99.262,99.631,99.33,99.30499999999999,99.074,99.53699999999999,8
99.632,99.631,99.631,99.631,99.33,99.30099999999999,100.0,98.611,8
99.449,99.441,100.0,98.88900000000001,99.554,99.543,100.0,99.091,6
