val_accuracy,val_hmean,val_sensitivity,val_specificity,test_accuracy,test_hmean,test_sensitivity,test_specificity,best_epoch
98.854,98.816,98.495,99.14,99.21900000000001,99.193,98.925,99.46199999999999,15
98.438,98.384,97.849,98.925,98.177,98.11800000000001,97.849,98.387,58
98.75,98.71,98.71,98.71,99.21900000000001,99.193,99.46199999999999,98.925,31
98.333,98.27900000000001,98.065,98.495,98.698,98.644,99.73100000000001,97.58099999999999,18
99.583,99.57000000000001,99.57000000000001,99.57000000000001,98.307,98.253,98.11800000000001,98.387,22
99.375,99.354,99.14,99.57000000000001,98.177,98.10600000000001,97.043,99.194,27
