val_accuracy,val_hmean,val_sensitivity,val_specificity,test_accuracy,test_hmean,test_sensitivity,test_specificity,best_epoch
97.978,97.91499999999999,96.981,98.868,97.991,97.839,96.209,99.52600000000001,27
98.75399999999999,98.868,98.868,98.868,98.438,98.327,97.15599999999999,99.52600000000001,14
98.713,98.67,97.736,99.62299999999999,97.768,97.62100000000001,96.682,98.578,21
97.324,97.538,96.604,98.491,97.991,97.839,96.209,99.52600000000001,19
96.875,96.763,95.094,98.491,97.768,97.62100000000001,96.682,98.578,28
98.346,98.479,97.727,99.24199999999999,99.33,99.295,99.531,99.06099999999999,43
