val_accuracy,val_hmean,val_sensitivity,val_specificity,test_accuracy,test_hmean,test_sensitivity,test_specificity,best_epoch
95.625,95.682,94.828,96.552,93.75,93.428,91.304,95.652,17
92.03099999999999,92.169,94.828,89.655,95.833,95.60300000000001,97.82600000000001,93.47800000000001,34
93.281,93.072,91.379,94.828,93.601,93.27600000000001,89.13,97.82600000000001,16
96.875,96.521,98.276,94.828,95.387,95.652,95.652,95.652,14
94.063,93.958,94.828,93.10300000000001,93.601,93.27600000000001,97.82600000000001,89.13,13
93.594,93.894,91.379,96.552,85.714,85.746,82.609,89.13,64
