val_accuracy,val_hmean,val_sensitivity,val_specificity,test_accuracy,test_hmean,test_sensitivity,test_specificity,best_epoch
94.88600000000001,94.544,96.38600000000001,92.771,94.792,94.244,91.667,96.97,24
95.455,95.165,93.976,96.38600000000001,92.014,92.368,94.697,90.152,41
94.697,94.856,93.37299999999999,96.38600000000001,91.667,90.884,92.42399999999999,89.39399999999999,46
96.59100000000001,96.37,95.18100000000001,97.59,94.097,93.547,94.697,92.42399999999999,32
94.318,93.96,95.18100000000001,92.771,92.361,92.764,94.697,90.90899999999999,30
91.42,91.318,87.273,95.758,93.75,93.974,90.441,97.794,10
