val_accuracy,val_hmean,val_sensitivity,val_specificity,test_accuracy,test_hmean,test_sensitivity,test_specificity,best_epoch
98.58,98.52199999999999,97.64699999999999,99.412,97.222,97.789,97.059,98.529,7
97.784,98.232,98.824,97.64699999999999,97.222,97.414,98.529,96.324,8
98.58,98.529,98.824,98.235,99.653,99.631,100.0,99.265,12
98.86399999999999,98.81,100.0,97.64699999999999,98.611,98.507,100.0,97.059,19
100.0,100.0,100.0,100.0,98.958,98.885,97.794,100.0,55
99.71600000000001,99.705,100.0,99.412,98.264,98.16,98.529,97.794,22
