val_accuracy,val_hmean,val_sensitivity,val_specificity,test_accuracy,test_hmean,test_sensitivity,test_specificity,best_epoch
99.449,99.446,99.631,99.262,97.991,98.128,96.759,99.53699999999999,11
99.816,99.815,99.631,100.0,98.214,98.146,98.611,97.685,74
99.632,99.631,99.631,99.631,98.438,98.379,98.148,98.611,2
98.897,98.892,99.262,98.524,98.661,98.611,98.611,98.611,41
99.816,99.815,100.0,99.631,98.884,98.83800000000001,99.53699999999999,98.148,5
99.265,99.259,99.259,99.259,98.884,98.859,98.182,99.54499999999999,13
