val_accuracy,val_hmean,val_sensitivity,val_specificity,test_accuracy,test_hmean,test_sensitivity,test_specificity,best_epoch
99.081,99.053,98.491,99.62299999999999,97.991,97.839,96.209,99.52600000000001,38
99.449,99.434,99.62299999999999,99.245,98.438,98.327,97.15599999999999,99.52600000000001,12
99.449,99.431,98.868,100.0,99.107,99.05000000000001,98.578,99.52600000000001,37
98.713,98.67899999999999,98.868,98.491,99.107,99.043,98.104,100.0,15
99.449,99.431,98.868,100.0,99.107,99.05000000000001,98.578,99.52600000000001,20
99.081,99.044,98.10600000000001,100.0,99.33,99.295,99.531,99.06099999999999,67
