val_accuracy,val_hmean,val_sensitivity,val_specificity,test_accuracy,test_hmean,test_sensitivity,test_specificity,best_epoch
97.26599999999999,97.115,98.776,95.50999999999999,93.029,95.646,96.939,94.388,4
97.07000000000001,96.928,97.959,95.918,97.356,97.14,99.49,94.89800000000001,73
96.641,96.887,99.18400000000001,94.694,96.875,96.602,99.49,93.878,15
97.227,97.508,99.592,95.50999999999999,97.83699999999999,97.698,98.469,96.939,14
96.875,96.707,98.367,95.102,98.317,98.214,98.469,97.959,18
97.85199999999999,97.70400000000001,100.0,95.50999999999999,98.077,97.949,98.98,96.939,33
