val_accuracy,val_hmean,val_sensitivity,val_specificity,test_accuracy,test_hmean,test_sensitivity,test_specificity,best_epoch
98.438,98.39099999999999,98.123,98.66,98.849,98.818,97.987,99.664,21
98.28099999999999,98.52499999999999,98.66,98.39099999999999,98.52,98.48700000000001,97.987,98.993,13
98.568,98.517,97.587,99.464,99.67099999999999,99.663,99.32900000000001,100.0,54
99.349,99.33,99.196,99.464,98.19099999999999,98.154,98.322,97.987,27
99.089,99.05699999999999,98.39099999999999,99.732,99.01299999999999,98.992,98.658,99.32900000000001,20
99.089,99.06,99.464,98.66,97.928,97.987,97.987,97.987,26
