val_accuracy,val_hmean,val_sensitivity,val_specificity,test_accuracy,test_hmean,test_sensitivity,test_specificity,best_epoch
97.812,97.774,98.413,97.143,97.396,97.40100000000001,98.81,96.032,45
96.88900000000001,96.94,99.048,94.921,96.67999999999999,96.627,96.429,96.825,57
98.906,98.88900000000001,99.048,98.72999999999999,96.81,96.819,96.032,97.619,59
98.906,98.887,99.36500000000001,98.413,97.331,97.417,96.825,98.016,74
98.054,98.095,98.095,98.095,94.661,94.34,100.0,89.286,28
97.898,97.934,98.413,97.46000000000001,96.615,96.607,98.016,95.238,58
