val_accuracy,val_hmean,val_sensitivity,val_specificity,test_accuracy,test_hmean,test_sensitivity,test_specificity,best_epoch
98.42699999999999,98.428,97.711,99.157,98.682,98.677,97.967,99.398,75
98.738,98.735,98.735,98.735,98.795,98.79400000000001,98.494,99.09599999999999,75
99.008,99.006,99.217,98.795,98.08,98.077,98.56899999999999,97.59,59
98.588,98.58,97.952,99.217,98.08,98.07900000000001,97.816,98.343,64
98.457,98.464,98.434,98.494,98.22999999999999,98.215,96.988,99.473,62
98.678,98.673,98.31299999999999,99.036,98.268,98.26700000000001,98.56899999999999,97.967,54
