val_accuracy,val_hmean,val_sensitivity,val_specificity,test_accuracy,test_hmean,test_sensitivity,test_specificity,best_epoch
92.99199999999999,93.071,93.37299999999999,92.771,90.625,90.884,89.39399999999999,92.42399999999999,70
93.75,93.339,95.18100000000001,91.566,87.847,89.00099999999999,87.87899999999999,90.152,54
93.46600000000001,93.06400000000001,92.169,93.976,89.236,89.291,92.42399999999999,86.36399999999999,54
92.61399999999999,92.106,89.759,94.57799999999999,91.667,90.852,88.63600000000001,93.182,50
92.33,91.85900000000001,92.771,90.964,89.93100000000001,91.286,90.90899999999999,91.667,70
92.557,92.692,90.90899999999999,94.545,92.014,92.501,88.971,96.324,59
