val_accuracy,val_hmean,val_sensitivity,val_specificity,test_accuracy,test_hmean,test_sensitivity,test_specificity,best_epoch
97.969,97.92999999999999,98.72999999999999,97.143,98.372,98.387,100.0,96.825,33
96.804,96.799,98.413,95.238,98.63300000000001,98.611,98.81,98.413,38
98.28099999999999,98.248,99.048,97.46000000000001,97.59100000000001,97.59299999999999,99.206,96.032,54
98.054,98.07000000000001,99.68299999999999,96.50800000000001,98.958,99.008,98.81,99.206,20
98.52300000000001,98.56899999999999,99.048,98.095,96.81,96.799,98.413,95.238,24
97.429,97.434,99.048,95.87299999999999,97.982,97.976,100.0,96.032,31
