val_accuracy,val_hmean,val_sensitivity,val_specificity,test_accuracy,test_hmean,test_sensitivity,test_specificity,best_epoch
96.875,96.707,98.367,95.102,93.99,95.894,97.449,94.388,16
96.289,96.101,97.551,94.694,96.154,96.678,97.449,95.918,30
97.07000000000001,96.938,97.143,96.735,97.356,97.188,97.959,96.429,24
97.07000000000001,96.935,97.551,96.327,97.356,97.959,97.959,97.959,21
97.07000000000001,96.887,99.18400000000001,94.694,96.875,97.449,97.449,97.449,17
99.02300000000001,98.976,99.592,98.367,97.356,97.188,97.959,96.429,55
