val_accuracy,val_hmean,val_sensitivity,val_specificity,test_accuracy,test_hmean,test_sensitivity,test_specificity,best_epoch
98.698,98.657,98.123,99.196,96.447,96.476,96.64399999999999,96.309,67
98.568,98.521,97.855,99.196,97.697,97.622,95.973,99.32900000000001,70
97.76,97.974,96.783,99.196,98.52,98.49,98.322,98.658,71
98.438,98.39099999999999,98.66,98.123,97.368,97.311,96.64399999999999,97.987,55
97.526,97.453,97.587,97.319,98.355,98.304,99.664,96.98,47
97.917,97.83699999999999,96.515,99.196,97.039,96.975,97.651,96.309,41
