val_accuracy,val_hmean,val_sensitivity,val_specificity,test_accuracy,test_hmean,test_sensitivity,test_specificity,best_epoch
99.265,99.262,99.262,99.262,99.33,99.30499999999999,99.53699999999999,99.074,16
99.081,99.077,99.262,98.893,98.661,98.602,99.53699999999999,97.685,10
99.449,99.446,99.262,99.631,99.33,99.30499999999999,99.53699999999999,99.074,11
99.265,99.261,99.631,98.893,99.33,99.30499999999999,99.074,99.53699999999999,11
99.816,99.815,100.0,99.631,99.33,99.30499999999999,99.53699999999999,99.074,47
99.238,99.258,99.63,98.88900000000001,100.0,100.0,100.0,100.0,19
