val_accuracy,val_hmean,val_sensitivity,val_specificity,test_accuracy,test_hmean,test_sensitivity,test_specificity,best_epoch
98.125,98.06,97.419,98.71,98.568,98.51299999999999,97.58099999999999,99.46199999999999,54
97.708,97.634,97.634,97.634,98.568,98.517,99.194,97.849,32
98.75,98.705,98.065,99.355,98.047,97.982,97.58099999999999,98.387,72
98.333,98.28,98.28,98.28,97.26599999999999,97.56899999999999,98.656,96.505,68
98.333,98.27799999999999,97.849,98.71,98.177,98.112,97.312,98.925,71
98.438,98.384,98.925,97.849,97.65599999999999,97.56899999999999,96.505,98.656,42
