val_accuracy,val_hmean,val_sensitivity,val_specificity,test_accuracy,test_hmean,test_sensitivity,test_specificity,best_epoch
99.21900000000001,99.187,99.187,99.187,98.355,98.299,98.299,98.299,45
99.21900000000001,99.18,100.0,98.374,99.67099999999999,99.65899999999999,100.0,99.32,43
99.21900000000001,99.187,99.187,99.187,98.68400000000001,98.639,98.639,98.639,18
98.958,98.91499999999999,99.187,98.64500000000001,99.342,99.319,99.66000000000001,98.98,14
99.21900000000001,99.187,99.187,99.187,99.01299999999999,98.98,98.98,98.98,10
99.321,99.32,99.457,99.185,98.68400000000001,98.657,98.993,98.322,10
