val_accuracy,val_hmean,val_sensitivity,val_specificity,test_accuracy,test_hmean,test_sensitivity,test_specificity,best_epoch
98.077,97.97,97.97,97.97,90.962,90.21000000000001,100.0,82.166,6
96.875,96.7,96.954,96.447,94.928,94.89999999999999,94.268,95.541,30
96.635,96.447,96.447,96.447,89.712,88.793,99.363,80.255,6
97.115,96.93,98.477,95.431,98.125,98.073,96.815,99.363,53
98.558,98.454,100.0,96.954,97.74000000000001,97.77,98.089,97.452,42
97.356,97.19200000000001,98.477,95.939,95.917,95.88600000000001,97.48400000000001,94.34,61
