val_accuracy,val_hmean,val_sensitivity,val_specificity,test_accuracy,test_hmean,test_sensitivity,test_specificity,best_epoch
99.167,99.14,99.14,99.14,97.26599999999999,97.124,99.46199999999999,94.892,44
98.542,98.483,99.57000000000001,97.419,96.745,96.625,95.43,97.849,31
98.542,98.495,98.495,98.495,98.177,98.11800000000001,98.387,97.849,45
98.75,98.698,99.785,97.634,97.786,97.7,98.925,96.505,13
98.75,98.708,99.14,98.28,97.26599999999999,97.58,97.849,97.312,41
99.167,99.139,99.355,98.925,94.661,94.646,90.054,99.73100000000001,33
