val_accuracy,val_hmean,val_sensitivity,val_specificity,test_accuracy,test_hmean,test_sensitivity,test_specificity,best_epoch
99.792,99.78200000000001,100.0,99.565,100.0,100.0,100.0,100.0,7
99.583,99.563,100.0,99.13,99.74,99.72800000000001,100.0,99.457,3
100.0,100.0,100.0,100.0,99.74,99.72800000000001,100.0,99.457,3
100.0,100.0,100.0,100.0,99.74,99.72800000000001,99.457,100.0,70
99.583,99.563,100.0,99.13,99.479,99.454,100.0,98.913,4
99.583,99.563,100.0,99.13,99.74,99.72800000000001,100.0,99.457,3
