val_accuracy,val_hmean,val_sensitivity,val_specificity,test_accuracy,test_hmean,test_sensitivity,test_specificity,best_epoch
96.875,96.7,96.954,96.447,95.625,95.473,98.089,92.994,67
94.375,95.123,97.462,92.893,95.24000000000001,95.222,94.904,95.541,65
92.163,93.33200000000001,95.939,90.863,93.99,93.896,96.178,91.72,70
95.865,96.17599999999999,97.462,94.92399999999999,95.24000000000001,95.196,93.631,96.815,45
96.394,96.192,96.447,95.939,94.61500000000001,94.533,96.815,92.357,39
95.433,95.096,97.97,92.386,94.354,94.30199999999999,96.226,92.453,47
