val_accuracy,val_hmean,val_sensitivity,val_specificity,test_accuracy,test_hmean,test_sensitivity,test_specificity,best_epoch
98.568,98.52499999999999,98.39099999999999,98.66,97.928,97.982,97.315,98.658,36
98.698,98.65899999999999,98.39099999999999,98.92800000000001,97.697,97.646,96.98,98.322,59
98.177,98.123,98.123,98.123,98.849,98.825,98.993,98.658,29
99.21900000000001,99.196,99.196,99.196,96.776,96.812,96.98,96.64399999999999,61
98.828,98.792,98.39099999999999,99.196,98.849,98.82300000000001,99.32900000000001,98.322,74
99.21900000000001,99.196,99.196,99.196,97.86200000000001,97.784,95.973,99.664,63
