val_accuracy,val_hmean,val_sensitivity,val_specificity,test_accuracy,test_hmean,test_sensitivity,test_specificity,best_epoch
98.641,98.587,98.87,98.30499999999999,97.53500000000001,97.65599999999999,99.645,95.745,30
99.321,99.29400000000001,99.153,99.435,97.708,97.867,98.58200000000001,97.163,65
98.777,98.727,99.153,98.30499999999999,99.54899999999999,99.645,99.645,99.645,60
98.913,98.869,98.588,99.153,99.028,99.113,99.291,98.936,38
99.04899999999999,99.006,99.71799999999999,98.30499999999999,95.035,95.002,93.262,96.809,68
98.777,98.723,99.15,98.3,98.065,98.074,97.552,98.601,67
