val_accuracy,val_hmean,val_sensitivity,val_specificity,test_accuracy,test_hmean,test_sensitivity,test_specificity,best_epoch
96.96000000000001,96.963,98.413,95.556,96.615,96.59400000000001,98.413,94.841,75
95.256,95.352,97.46000000000001,93.333,94.922,95.029,94.048,96.032,65
96.25,96.164,97.77799999999999,94.60300000000001,95.573,95.55399999999999,98.413,92.857,25
95.881,96.029,96.50800000000001,95.556,96.67999999999999,96.824,96.429,97.222,60
96.974,97.076,99.68299999999999,94.60300000000001,95.833,95.813,97.222,94.44399999999999,54
96.33500000000001,96.343,97.143,95.556,95.312,95.212,96.825,93.651,75
