val_accuracy,val_hmean,val_sensitivity,val_specificity,test_accuracy,test_hmean,test_sensitivity,test_specificity,best_epoch
95.312,94.828,94.828,94.828,93.75,93.27600000000001,89.13,97.82600000000001,61
96.09400000000001,95.62,93.10300000000001,98.276,90.179,90.10000000000001,86.957,93.47800000000001,49
93.75,93.072,91.379,94.828,87.054,86.957,86.957,86.957,55
96.406,96.552,96.552,96.552,97.768,97.77799999999999,100.0,95.652,41
94.063,93.958,93.10300000000001,94.828,93.601,93.428,95.652,91.304,73
88.125,87.897,86.207,89.655,91.369,90.839,84.783,97.82600000000001,31
