val_accuracy,val_hmean,val_sensitivity,val_specificity,test_accuracy,test_hmean,test_sensitivity,test_specificity,best_epoch
97.387,97.387,96.997,97.78099999999999,96.474,96.649,96.242,97.059,70
97.117,97.128,96.997,97.258,96.474,96.403,96.895,95.91499999999999,74
97.247,97.257,96.867,97.65,96.394,96.312,95.261,97.386,65
96.67999999999999,96.634,94.77799999999999,98.564,95.994,95.875,97.87599999999999,93.95400000000001,55
97.126,97.128,97.258,96.997,94.952,94.986,98.366,91.83,65
96.585,96.601,96.47099999999999,96.732,97.356,97.321,97.078,97.565,56
