val_accuracy,val_hmean,val_sensitivity,val_specificity,test_accuracy,test_hmean,test_sensitivity,test_specificity,best_epoch
96.289,96.101,97.551,94.694,96.875,96.65,95.38499999999999,97.949,69
96.44500000000001,96.735,96.735,96.735,93.91000000000001,94.609,93.84599999999999,95.38499999999999,46
96.289,96.112,95.102,97.143,97.356,97.173,96.41,97.949,73
98.203,98.571,98.776,98.367,95.353,96.137,97.436,94.872,37
97.85199999999999,97.75500000000001,97.551,97.959,97.83699999999999,97.68599999999999,96.923,98.462,58
95.89800000000001,95.696,95.902,95.492,96.587,96.91199999999999,98.985,94.92399999999999,44
