val_accuracy,val_hmean,val_sensitivity,val_specificity,test_accuracy,test_hmean,test_sensitivity,test_specificity,best_epoch
94.71199999999999,94.616,92.199,97.163,91.518,91.34100000000001,95.536,87.5,53
96.18100000000001,96.098,96.454,95.745,92.411,92.357,94.643,90.179,69
94.551,94.669,95.745,93.61699999999999,91.518,91.498,90.179,92.857,69
95.486,95.357,93.61699999999999,97.163,88.393,87.816,95.536,81.25,34
93.51,93.612,92.908,94.326,91.964,91.826,95.536,88.393,72
91.435,91.378,89.286,93.571,94.14099999999999,93.437,96.552,90.517,36
