val_accuracy,val_hmean,val_sensitivity,val_specificity,test_accuracy,test_hmean,test_sensitivity,test_specificity,best_epoch
94.284,94.321,93.61699999999999,95.035,92.857,92.849,91.964,93.75,48
95.486,95.389,95.745,95.035,91.518,91.498,92.857,90.179,70
92.628,92.389,88.652,96.454,87.946,87.763,91.964,83.929,41
93.937,93.97,94.326,93.61699999999999,89.732,89.62299999999999,92.857,86.607,40
91.693,91.843,92.199,91.489,93.75,93.716,95.536,91.964,26
91.551,91.78399999999999,92.143,91.429,92.578,91.808,91.379,92.241,62
