val_accuracy,val_hmean,val_sensitivity,val_specificity,test_accuracy,test_hmean,test_sensitivity,test_specificity,best_epoch
91.40599999999999,91.38,92.96900000000001,89.84400000000001,89.583,90.185,89.216,91.176,67
92.578,92.537,94.53099999999999,90.625,91.22,91.134,93.137,89.216,70
92.188,92.022,88.28099999999999,96.09400000000001,90.923,91.664,92.157,91.176,59
90.23400000000001,90.23299999999999,89.84400000000001,90.625,89.286,90.556,87.25500000000001,94.118,74
88.672,88.588,91.40599999999999,85.938,90.327,90.153,88.235,92.157,40
89.453,89.45100000000001,89.84400000000001,89.062,90.923,91.643,90.196,93.137,26
