val_accuracy,val_hmean,val_sensitivity,val_specificity,test_accuracy,test_hmean,test_sensitivity,test_specificity,best_epoch
96.051,96.044,95.368,96.73,94.375,94.53399999999999,93.857,95.222,42
94.973,94.943,96.185,93.733,95.06599999999999,94.881,94.881,94.881,16
95.236,95.208,96.73,93.733,96.875,96.743,95.563,97.952,75
95.226,95.22699999999999,94.55,95.91300000000001,96.053,95.903,95.563,96.246,23
94.257,94.271,95.095,93.46,94.375,94.53399999999999,95.222,93.857,32
96.875,96.866,96.73,97.003,93.21000000000001,93.19,91.525,94.915,29
