val_accuracy,val_hmean,val_sensitivity,val_specificity,test_accuracy,test_hmean,test_sensitivity,test_specificity,best_epoch
97.135,97.126,97.52,96.736,97.115,97.059,97.059,97.059,75
97.005,96.997,96.867,97.128,94.71199999999999,94.723,98.366,91.34,70
96.977,96.997,96.736,97.258,96.394,96.569,96.569,96.569,50
96.289,96.27799999999999,95.953,96.60600000000001,96.474,96.40100000000001,97.059,95.75200000000001,64
96.726,96.697,98.695,94.77799999999999,96.635,96.81,96.242,97.386,70
95.608,95.62,95.294,95.948,95.272,95.27,93.831,96.753,56
