val_accuracy,val_hmean,val_sensitivity,val_specificity,test_accuracy,test_hmean,test_sensitivity,test_specificity,best_epoch
97.26599999999999,97.127,98.367,95.918,93.51,95.365,97.449,93.367,48
96.875,96.69200000000001,98.776,94.694,95.433,95.12,96.939,93.367,10
97.26599999999999,97.141,96.735,97.551,95.433,94.999,98.98,91.327,21
97.461,97.336,98.367,96.327,97.83699999999999,97.70299999999999,97.959,97.449,22
97.26599999999999,97.1,99.18400000000001,95.102,95.192,95.581,98.469,92.857,34
98.438,98.361,99.18400000000001,97.551,96.394,96.936,96.429,97.449,27
