val_accuracy,val_hmean,val_sensitivity,val_specificity,test_accuracy,test_hmean,test_sensitivity,test_specificity,best_epoch
90.23400000000001,90.23299999999999,90.625,89.84400000000001,86.607,87.72,86.275,89.216,27
92.578,92.57600000000001,92.96900000000001,92.188,81.845,82.399,92.157,74.51,64
94.14099999999999,94.1,92.188,96.09400000000001,91.369,91.99000000000001,96.078,88.235,55
91.01599999999999,90.974,92.96900000000001,89.062,90.327,90.185,91.176,89.216,13
94.14099999999999,94.139,93.75,94.53099999999999,89.435,89.119,92.157,86.275,48
92.578,92.445,96.09400000000001,89.062,91.815,92.52,89.216,96.078,53
