val_accuracy,val_hmean,val_sensitivity,val_specificity,test_accuracy,test_hmean,test_sensitivity,test_specificity,best_epoch
98.58,98.529,98.824,98.235,98.611,98.529,98.529,98.529,55
98.295,98.232,98.824,97.64699999999999,99.30600000000001,99.259,100.0,98.529,32
97.727,97.63300000000001,98.824,96.47099999999999,98.958,98.896,99.265,98.529,23
98.86399999999999,98.81,100.0,97.64699999999999,98.958,98.885,100.0,97.794,31
98.86399999999999,98.824,98.824,98.824,97.917,98.16,98.529,97.794,22
98.86399999999999,98.824,98.824,98.824,97.917,97.794,97.794,97.794,19
