val_accuracy,val_hmean,val_sensitivity,val_specificity,test_accuracy,test_hmean,test_sensitivity,test_specificity,best_epoch
96.875,96.719,95.50999999999999,97.959,97.115,96.92,96.41,97.436,12
97.85199999999999,97.75500000000001,97.551,97.959,95.59299999999999,96.38600000000001,94.872,97.949,28
98.047,97.95700000000001,97.551,98.367,96.394,96.12,94.35900000000001,97.949,37
98.438,98.367,98.367,98.367,95.673,95.316,97.949,92.821,7
98.047,97.944,96.735,99.18400000000001,98.317,98.199,98.97399999999999,97.436,69
97.07000000000001,96.926,97.131,96.721,97.83699999999999,97.71,96.954,98.477,38
