val_accuracy,val_hmean,val_sensitivity,val_specificity,test_accuracy,test_hmean,test_sensitivity,test_specificity,best_epoch
98.727,98.709,98.592,98.82600000000001,96.733,96.553,99.118,94.118,39
99.074,99.06099999999999,99.06099999999999,99.06099999999999,97.727,97.625,96.17599999999999,99.118,46
98.843,98.824,98.357,99.29599999999999,99.432,99.411,99.70599999999999,99.118,31
99.074,99.06,98.82600000000001,99.29599999999999,98.153,98.086,98.529,97.64699999999999,34
97.801,97.753,96.479,99.06099999999999,95.313,96.011,97.353,94.706,28
98.148,98.097,96.706,99.529,96.165,96.287,99.128,93.605,47
